index.html|index.html|0b0481d8e150ed8c7ccbadae10dcf54a230c9503246507724b3ce540b563b897|3
gate-closing-build__gate-closing-preview.html|gate-closing-build/gate-closing-preview.html|fc3ba5de9f8cd5643846f6a81015fbd7733f49fb01d446d8e7025e58182112ee|3
rc3-overlay__voting-rights.html|rc3-overlay/voting-rights.html|7758ef8fa2e2cfde6dc72c7a8987cc8348cc110aa5bca2eeda523c950151ead8|4
assets__canonical-v2__61163.avif|assets/canonical-v2/61163.avif|46846d2a632a7b56a1f4f241b81a8e048e009b07bf54bc95d758e48b9f247796|8
assets__canonical-v2__60054.avif|assets/canonical-v2/60054.avif|d5b05afd2b229f0df22509bec49ca4198d26bb7391b7f5520e3b9ba8aa6e04f2|6
assets__canonical-v2__63911.avif|assets/canonical-v2/63911.avif|c7814354e8b5367531ad408f5a9e98dea602c5191b7f34c66b7a831ecea70e8d|11
assets__canonical-v2__61149.avif|assets/canonical-v2/61149.avif|4c5fb546dcdab0dc4d36e304eba69734ce8477abc8eb5104051c21f5b1485b5e|6
assets__canonical-v2__61155.avif|assets/canonical-v2/61155.avif|f432fef387a393daa257ba5c8c76b5a65f75b4a169aef60870ca03a7a595f60c|9
assets__canonical-v2__65486.avif|assets/canonical-v2/65486.avif|b675b161de52a03fcb84cd612f96e63cd9e4933432f9bc1b00ee5713d9ef62dd|12
assets__canonical-v2__65487.avif|assets/canonical-v2/65487.avif|ad059e86ea90d52fd08c682de58c92e1948d84fc08d0cf19e08eb1379226b6ee|10
assets__canonical-v2__65488.avif|assets/canonical-v2/65488.avif|8444ad4fd1caa5cf24d190102b4fbc8b1734e6da1058410f6c171dcc0ec3dcb4|11
